{"cameraMode":{"drawMode":0,"name":"Shaded","section":"Shading Mode"},"sceneLighting":false,"audioPlay":false,"sceneViewState":{"showFog":true,"showMaterialUpdate":false,"showSkybox":true,"showFlares":true,"showImageEffects":true,"showParticleSystems":true},"in2DMode":false,"pivot":{"x":14.180000305175782,"y":0.6600000858306885,"z":-12.729999542236329},"rotation":{"x":-0.03815589100122452,"y":0.882470965385437,"z":-0.4631454646587372,"w":-0.07270107418298722},"size":2.8578836917877199,"orthographic":false}