{"cameraMode":{"drawMode":0,"name":"Shaded","section":"Shading Mode"},"sceneLighting":false,"audioPlay":false,"sceneViewState":{"showFog":true,"showMaterialUpdate":true,"showSkybox":true,"showFlares":true,"showImageEffects":true,"showParticleSystems":true},"in2DMode":false,"pivot":{"x":-8.729154586791993,"y":4.690492630004883,"z":-18.010326385498048},"rotation":{"x":-0.24003760516643525,"y":-0.5470322966575623,"z":0.16742466390132905,"w":-0.7842873930931091},"size":22.0,"orthographic":false}