{"cameraMode":{"drawMode":0,"name":"Shaded","section":"Shading Mode"},"sceneLighting":true,"audioPlay":false,"sceneViewState":{"showFog":true,"showMaterialUpdate":true,"showSkybox":true,"showFlares":true,"showImageEffects":true,"showParticleSystems":true},"in2DMode":false,"pivot":{"x":-3.454387664794922,"y":7.268945217132568,"z":-11.740347862243653},"rotation":{"x":-0.33898836374282839,"y":0.3524424135684967,"z":-0.13873276114463807,"w":-0.8611762523651123},"size":10.263372421264649,"orthographic":false}